Precision,Recall,F1,MCC,AUC
0.504304207,0.998567848,0.669850042,0.085721761,0.508506142
0.504304206799489,0.998567848191908,0.669850041872421,0.0857217607600298,0.50850614203013
